DOMEL;HOMEL
PARIS;PARIN
PARIS;PARMIS
PARIS;PATRIS
BROOK;CROOK
HOTEL;HOMEL
ALFACO;ALFAO
BANKAS;BANIAS
BANKAS;BANYAS
PARIS;PARDIS
POLYMER;POLYMIR
MITEX;MITEC
BANCA;BLANCA
SOUTH;YOUTH
EMAIL;SMAIL
EMAIL;ESMAIL
CAMPO;NAMPO
MARIO;MARIA
MARIO;MARGO
MODEL;MODELO
